AA.change,fitness.paper,fitness.dms.p0,fitness.dms.p1,fitness.dms.p4,entropy.dms.p0,entropy.dms.p1,entropy.dms.p4
D76A,0.45,-0.081,-0.454,-1.176294,2.83,2.56,1.99
F166SYN,1.1,-0.000000628,0.000352,0.000534,2.88,2.48,1.55
N175SYN,1.01,-0.000213,-0.000106,-0.000034,2.83,2.7,2.4
Q186P,0.3,-0.38,-0.856,-1.246548,2.55,2.37,2.04
R192K,0.99,,,,2.38,2.33,1.84
S422T,0.95,0.341,0.257,0.064673,2.52,2.1,1.72
K433T,0.48,-0.075,-0.562,-0.882036,2.46,2.38,2.09
W580C,0.26,-0.271,-0.892,-1.38,2.8,2.5,1.46
R721S,0.34,-0.423,-0.893,-1.347059,2.68,2.1,1.38
E751D,0.65,,,,2.53,2.06,1.15
Y217stop,0,-0.156,-0.608,-1.199267,2.88,2.59,1.8
K235M,0,-0.809,-1.43,-1.70379,2.63,1.82,1.52
Q367stop,0,-0.429,-0.497,-0.776883,2.69,2.53,2.01
L403W,0,-1.07,-1.06,-1.37847,2.38,1.99,1.93
L415stop,0,-0.236,-0.579,-1.015638,2.77,2.47,1.82
E519D,0,,,,2.68,2.15,1.29
